id,title,description,style,color,season
1,Oversized Denim Jacket,Trendy pick for urban looks,chic,navy,autumn
2,Modern Poncho,Tailored fit for modern style,chic,camel,winter
3,Relaxed Dress,Tailored fit for modern style,bohemian,champagne,all
4,Elegant Maxi Dress,Soft knitted texture,chic,black,autumn
5,Oversized Maxi Dress,Relaxed silhouette for day-to-day comfort,athleisure,khaki,autumn
6,Slim Jeans,Designed for all-day wear,casual,navy,winter
7,Modern Kurti,Lightweight and comfortable,grunge,navy,night
8,Oversized Skirt,Perfect for layering in cool weather,evening,white,autumn
9,Relaxed Skirt,Soft knitted texture,chic,black,winter
10,Soft Co-ord Set,Tailored fit for modern style,bohemian,white,festive
11,Classic Romper,Trendy pick for urban looks,evening,black,festive
12,Relaxed Cardigan,Warm and cozy for cold weather,chic,cream,winter
13,Oversized Tunic Top,Flowy and breathable material,vintage,khaki,spring
14,Printed Kurta,Designed for all-day wear,outdoor,champagne,all
15,Modern Jumpsuit,Casual yet stylish everyday outfit,formal,yellow,summer
16,Soft Beanie,Trendy pick for urban looks,outdoor,blue,winter
17,Printed Scarf,Relaxed silhouette for day-to-day comfort,smart casual,pastel,festive
18,Modern Blouse,Soft knitted texture,outdoor,maroon,autumn
19,Elegant Kimono,Relaxed silhouette for day-to-day comfort,preppy,khaki,festive
20,Classic Party Top,Flowy and breathable material,preppy,beige,winter
21,Soft Hoodie,Perfect for layering in cool weather,minimalist,silver,autumn
22,Elegant Cargo Pants,Designed for all-day wear,grunge,silver,festive
23,Printed Maxi Dress,Flowy and breathable material,bohemian,cream,summer
24,Oversized Pencil Skirt,Embellished details for festive wear,chic,pink,festive
25,Soft Sweatpants,Designed for all-day wear,grunge,silver,all
26,Stylish Turtleneck,Perfect for layering in cool weather,preppy,champagne,autumn
27,Stylish Romper,Soft knitted texture,chic,gold,all
28,Stylish Blazer Dress,Designed for all-day wear,athleisure,green,festive
29,Printed Hoodie,Embellished details for festive wear,smart casual,black,summer
30,Slim Sweater,Soft knitted texture,grunge,navy,spring
31,Vintage Flannel Shirt,Lightweight and comfortable,athleisure,maroon,night
32,Relaxed Kurti,Soft knitted texture,chic,green,winter
33,Printed Kurta,Lightweight and comfortable,minimalist,grey,autumn
34,Classic Trousers,Designed for all-day wear,evening,grey,summer
35,Relaxed Romper,Lightweight and comfortable,athleisure,cream,spring
36,Vintage Overalls,Trendy pick for urban looks,formal,green,all
37,Slim Tunic,Lightweight and comfortable,preppy,cream,autumn
38,Vintage Leather Jacket,Soft knitted texture,evening,grey,summer
39,Modern Beanie,Tailored fit for modern style,athleisure,multicolor,night
40,Printed Maxi Dress,Designed for all-day wear,evening,multicolor,summer
41,Classic Blazer,Relaxed silhouette for day-to-day comfort,ethnic,brown,festive
42,Elegant Dupatta,Warm and cozy for cold weather,chic,silver,autumn
43,Elegant Scarf,Designed for all-day wear,party,beige,winter
44,Oversized Leather Jacket,Trendy pick for urban looks,bohemian,beige,all
45,Soft Beanie,Tailored fit for modern style,bohemian,pink,winter
46,Relaxed Jeans,Flowy and breathable material,vintage,cream,autumn
47,Relaxed Kurta,Perfect for layering in cool weather,outdoor,red,spring
48,Relaxed Cargo Pants,Lightweight and comfortable,streetwear,red,night
49,Printed Dress,Flowy and breathable material,chic,khaki,festive
50,Oversized Shorts,Casual yet stylish everyday outfit,streetwear,white,night
51,Oversized Kurti,Trendy pick for urban looks,athleisure,red,festive
52,Soft Kimono,Perfect for layering in cool weather,chic,grey,all
53,Slim Bomber Jacket,Soft knitted texture,ethnic,camel,winter
54,Stylish Co-ord Set,Embellished details for festive wear,streetwear,olive,spring
55,Classic Crop Hoodie,Lightweight and comfortable,athleisure,silver,spring
56,Classic Dress,Relaxed silhouette for day-to-day comfort,casual,brown,winter
57,Soft Shorts,Lightweight and comfortable,casual,black,winter
58,Printed Kimono,Tailored fit for modern style,chic,multicolor,winter
59,Vintage Saree,Designed for all-day wear,athleisure,pastel,spring
60,Relaxed Jumpsuit,Trendy pick for urban looks,grunge,olive,festive
61,Printed Party Top,Designed for all-day wear,vintage,gold,all
62,Soft Dungarees,Lightweight and comfortable,chic,silver,all
63,Relaxed Puffer Jacket,Relaxed silhouette for day-to-day comfort,preppy,silver,festive
64,Elegant Maxi Dress,Warm and cozy for cold weather,bohemian,khaki,all
65,Stylish Palazzo Pants,Casual yet stylish everyday outfit,grunge,beige,autumn
66,Vintage Co-ord Set,Flowy and breathable material,chic,beige,summer
67,Elegant Sweater,Tailored fit for modern style,formal,white,autumn
68,Oversized Overalls,Casual yet stylish everyday outfit,ethnic,grey,festive
69,Stylish Party Top,Designed for all-day wear,outdoor,pastel,festive
70,Modern Sweatpants,Warm and cozy for cold weather,chic,maroon,night
71,Oversized Skirt,Perfect for layering in cool weather,streetwear,olive,autumn
72,Slim Beanie,Designed for all-day wear,outdoor,multicolor,night
73,Elegant Kurti,Perfect for layering in cool weather,bohemian,olive,autumn
74,Classic Sweatpants,Perfect for layering in cool weather,grunge,white,festive
75,Elegant Sweatpants,Embellished details for festive wear,formal,olive,all
76,Oversized Beanie,Relaxed silhouette for day-to-day comfort,chic,blue,autumn
77,Printed Bomber Jacket,Lightweight and comfortable,vintage,pink,winter
78,Oversized Tunic,Casual yet stylish everyday outfit,minimalist,white,summer
79,Elegant T-Shirt,Relaxed silhouette for day-to-day comfort,preppy,brown,summer
80,Stylish Dress,Casual yet stylish everyday outfit,outdoor,silver,festive
81,Oversized Crop Hoodie,Flowy and breathable material,evening,white,autumn
82,Relaxed Dress,Designed for all-day wear,vintage,khaki,festive
83,Relaxed Cardigan,Perfect for layering in cool weather,ethnic,white,festive
84,Soft Blouse,Warm and cozy for cold weather,outdoor,grey,winter
85,Relaxed Jumpsuit,Lightweight and comfortable,minimalist,pink,spring
86,Printed Skirt,Perfect for layering in cool weather,vintage,olive,night
87,Printed Overalls,Embellished details for festive wear,formal,olive,autumn
88,Elegant T-Shirt,Relaxed silhouette for day-to-day comfort,party,olive,night
89,Classic Romper,Embellished details for festive wear,vintage,black,night
90,Relaxed Maxi Dress,Perfect for layering in cool weather,party,khaki,festive
91,Oversized Palazzo Pants,Tailored fit for modern style,grunge,multicolor,all
92,Modern Trousers,Perfect for layering in cool weather,ethnic,pastel,all
93,Slim Sweatshirt,Embellished details for festive wear,formal,maroon,autumn
94,Oversized Romper,Casual yet stylish everyday outfit,smart casual,pink,night
95,Printed Leather Jacket,Casual yet stylish everyday outfit,party,pastel,spring
96,Stylish Chinos,Embellished details for festive wear,ethnic,olive,summer
97,Classic Denim Jacket,Designed for all-day wear,ethnic,camel,spring
98,Modern Trousers,Designed for all-day wear,evening,blue,festive
99,Classic Blazer Dress,Casual yet stylish everyday outfit,bohemian,white,spring
100,Classic Beanie,Perfect for layering in cool weather,chic,green,autumn
101,Oversized T-Shirt,Relaxed silhouette for day-to-day comfort,formal,gold,summer
102,Slim Jumpsuit,Embellished details for festive wear,vintage,khaki,autumn
103,Vintage Shirt,Soft knitted texture,athleisure,olive,night
104,Stylish Pencil Skirt,Flowy and breathable material,formal,brown,night
105,Elegant Saree,Warm and cozy for cold weather,minimalist,red,summer
106,Modern Tunic,Soft knitted texture,smart casual,red,autumn
107,Soft Cargo Pants,Flowy and breathable material,casual,red,spring
108,Slim Trench Coat,Relaxed silhouette for day-to-day comfort,smart casual,grey,spring
109,Printed Cargo Pants,Perfect for layering in cool weather,vintage,pastel,all
110,Modern Slip Dress,Designed for all-day wear,preppy,gold,all
111,Printed Cape,Warm and cozy for cold weather,outdoor,maroon,summer
112,Modern Party Top,Designed for all-day wear,minimalist,gold,winter
113,Elegant Jumpsuit,Relaxed silhouette for day-to-day comfort,minimalist,maroon,winter
114,Soft Shorts,Relaxed silhouette for day-to-day comfort,streetwear,pastel,festive
115,Modern Pencil Skirt,Tailored fit for modern style,minimalist,brown,festive
116,Slim Crop Hoodie,Trendy pick for urban looks,preppy,multicolor,all
117,Stylish Dress,Designed for all-day wear,chic,white,autumn
118,Elegant Maxi Dress,Relaxed silhouette for day-to-day comfort,outdoor,navy,night
119,Modern Denim Jacket,Perfect for layering in cool weather,minimalist,white,festive
120,Printed Sweatshirt,Tailored fit for modern style,grunge,navy,autumn
121,Elegant Sweater,Soft knitted texture,minimalist,green,autumn
122,Printed Palazzo Pants,Soft knitted texture,preppy,green,winter
123,Vintage Jeans,Relaxed silhouette for day-to-day comfort,ethnic,cream,festive
124,Printed Slip Dress,Designed for all-day wear,casual,maroon,spring
125,Printed Poncho,Soft knitted texture,bohemian,green,festive
126,Soft Chinos,Embellished details for festive wear,outdoor,blue,spring
127,Printed Peplum Top,Relaxed silhouette for day-to-day comfort,streetwear,black,summer
128,Stylish Jeans,Tailored fit for modern style,vintage,navy,all
129,Relaxed Tunic,Perfect for layering in cool weather,grunge,olive,spring
130,Modern Puffer Jacket,Soft knitted texture,casual,beige,spring
131,Slim Blazer Dress,Trendy pick for urban looks,minimalist,champagne,winter
132,Printed Shorts,Designed for all-day wear,minimalist,champagne,summer
133,Stylish Crop Hoodie,Flowy and breathable material,bohemian,yellow,all
134,Stylish Cargo Pants,Warm and cozy for cold weather,outdoor,champagne,spring
135,Modern Kimono,Designed for all-day wear,casual,maroon,night
136,Oversized Yoga Leggings,Embellished details for festive wear,athleisure,navy,summer
137,Printed Slip Dress,Soft knitted texture,chic,pastel,autumn
138,Stylish Blazer,Designed for all-day wear,evening,maroon,spring
139,Stylish Bomber Jacket,Designed for all-day wear,vintage,black,all
140,Printed Co-ord Set,Lightweight and comfortable,grunge,navy,summer
141,Slim Yoga Leggings,Trendy pick for urban looks,smart casual,pastel,autumn
142,Vintage Maxi Dress,Warm and cozy for cold weather,preppy,camel,summer
143,Soft Cardigan,Soft knitted texture,vintage,white,winter
144,Soft Blazer Dress,Flowy and breathable material,evening,maroon,summer
145,Relaxed T-Shirt,Tailored fit for modern style,minimalist,green,festive
146,Vintage Jeans,Warm and cozy for cold weather,vintage,silver,spring
147,Relaxed Slip Dress,Relaxed silhouette for day-to-day comfort,bohemian,silver,spring
148,Modern Sweatshirt,Casual yet stylish everyday outfit,formal,grey,spring
149,Printed Hoodie,Relaxed silhouette for day-to-day comfort,bohemian,pastel,festive
150,Stylish Pencil Skirt,Soft knitted texture,preppy,navy,all
151,Printed Hoodie,Lightweight and comfortable,bohemian,navy,autumn
152,Oversized Kurti,Warm and cozy for cold weather,outdoor,black,all
153,Elegant Sweatpants,Tailored fit for modern style,ethnic,beige,festive
154,Oversized Tunic Top,Warm and cozy for cold weather,casual,black,autumn
155,Oversized Trench Coat,Relaxed silhouette for day-to-day comfort,smart casual,cream,night
156,Vintage Romper,Casual yet stylish everyday outfit,vintage,navy,summer
157,Slim Cargo Pants,Soft knitted texture,minimalist,champagne,night
158,Printed Yoga Leggings,Casual yet stylish everyday outfit,formal,green,all
159,Modern Sweatpants,Lightweight and comfortable,smart casual,red,all
160,Classic Tunic Top,Warm and cozy for cold weather,party,white,spring
161,Stylish Party Top,Tailored fit for modern style,casual,grey,night
162,Oversized Maxi Dress,Trendy pick for urban looks,chic,maroon,winter
163,Elegant Pencil Skirt,Embellished details for festive wear,ethnic,multicolor,night
164,Slim Co-ord Set,Embellished details for festive wear,chic,blue,spring
165,Slim Turtleneck,Trendy pick for urban looks,formal,pink,night
166,Slim Kimono,Trendy pick for urban looks,minimalist,yellow,winter
167,Modern Sweatpants,Designed for all-day wear,ethnic,navy,all
168,Vintage Crop Hoodie,Tailored fit for modern style,evening,multicolor,festive
169,Oversized Sweatpants,Warm and cozy for cold weather,ethnic,gold,night
170,Elegant Palazzo Pants,Relaxed silhouette for day-to-day comfort,preppy,pastel,festive
171,Printed Dupatta,Casual yet stylish everyday outfit,athleisure,grey,winter
172,Slim Blazer Dress,Designed for all-day wear,chic,red,winter
173,Classic Crop Hoodie,Trendy pick for urban looks,vintage,beige,festive
174,Relaxed T-Shirt,Relaxed silhouette for day-to-day comfort,evening,navy,summer
175,Classic Tunic,Relaxed silhouette for day-to-day comfort,ethnic,multicolor,all
176,Modern Hoodie,Trendy pick for urban looks,preppy,khaki,festive
177,Stylish Poncho,Embellished details for festive wear,preppy,navy,spring
178,Soft Leather Jacket,Tailored fit for modern style,ethnic,beige,summer
179,Soft Chinos,Warm and cozy for cold weather,chic,multicolor,festive
180,Slim Flannel Shirt,Trendy pick for urban looks,bohemian,black,summer
181,Slim Crop Hoodie,Lightweight and comfortable,evening,navy,autumn
182,Stylish Kurti,Soft knitted texture,ethnic,grey,summer
183,Oversized Kimono,Perfect for layering in cool weather,grunge,camel,festive
184,Modern Cargo Pants,Relaxed silhouette for day-to-day comfort,formal,blue,festive
185,Slim Hoodie,Trendy pick for urban looks,formal,brown,autumn
186,Slim Yoga Leggings,Warm and cozy for cold weather,chic,navy,night
187,Elegant Skirt,Lightweight and comfortable,chic,grey,winter
188,Vintage Tunic,Embellished details for festive wear,evening,cream,spring
189,Classic Shirt,Embellished details for festive wear,streetwear,brown,autumn
190,Elegant Sweatshirt,Tailored fit for modern style,grunge,green,night
191,Classic Blazer Dress,Casual yet stylish everyday outfit,bohemian,pink,autumn
192,Printed Turtleneck,Embellished details for festive wear,formal,black,spring
193,Slim Tunic,Trendy pick for urban looks,outdoor,black,spring
194,Vintage Tunic,Soft knitted texture,streetwear,yellow,festive
195,Soft Peplum Top,Casual yet stylish everyday outfit,streetwear,pastel,summer
196,Elegant Yoga Leggings,Relaxed silhouette for day-to-day comfort,minimalist,brown,all
197,Relaxed Beanie,Trendy pick for urban looks,vintage,silver,night
198,Elegant Sweatpants,Designed for all-day wear,formal,silver,winter
199,Oversized Overcoat,Lightweight and comfortable,smart casual,camel,all
200,Vintage Denim Jacket,Embellished details for festive wear,vintage,olive,autumn
201,Slim Peplum Top,Flowy and breathable material,outdoor,yellow,autumn
202,Elegant Kimono,Soft knitted texture,smart casual,camel,all
203,Vintage Cape,Designed for all-day wear,party,red,festive
204,Relaxed Cardigan,Soft knitted texture,formal,gold,winter
205,Printed Shorts,Trendy pick for urban looks,grunge,multicolor,festive
206,Vintage Trench Coat,Embellished details for festive wear,chic,pastel,autumn
207,Elegant Dupatta,Flowy and breathable material,grunge,beige,summer
208,Elegant Romper,Perfect for layering in cool weather,party,gold,autumn
209,Stylish Crop Hoodie,Embellished details for festive wear,streetwear,camel,spring
210,Oversized Hoodie,Warm and cozy for cold weather,evening,champagne,winter
211,Printed Trousers,Trendy pick for urban looks,evening,beige,festive
212,Oversized Cargo Pants,Warm and cozy for cold weather,preppy,yellow,all
213,Modern Jumpsuit,Lightweight and comfortable,bohemian,maroon,summer
214,Oversized Kurta,Designed for all-day wear,streetwear,white,autumn
215,Relaxed Blouse,Casual yet stylish everyday outfit,bohemian,grey,night
216,Soft Shirt,Soft knitted texture,athleisure,cream,spring
217,Printed Slip Dress,Flowy and breathable material,casual,champagne,winter
218,Stylish Palazzo Pants,Soft knitted texture,vintage,olive,night
219,Relaxed Slip Dress,Trendy pick for urban looks,bohemian,maroon,festive
220,Printed Shorts,Trendy pick for urban looks,smart casual,beige,autumn
221,Classic T-Shirt,Casual yet stylish everyday outfit,party,camel,all
222,Classic Blazer Dress,Embellished details for festive wear,chic,maroon,all
223,Elegant Cardigan,Embellished details for festive wear,minimalist,pink,night
224,Soft Sweatshirt,Soft knitted texture,party,cream,all
225,Relaxed Dress,Perfect for layering in cool weather,casual,grey,festive
226,Modern Blazer,Tailored fit for modern style,formal,yellow,spring
227,Soft Maxi Dress,Perfect for layering in cool weather,streetwear,cream,autumn
228,Oversized Crop Hoodie,Lightweight and comfortable,preppy,gold,festive
229,Modern Saree,Tailored fit for modern style,vintage,green,summer
230,Vintage Poncho,Trendy pick for urban looks,formal,black,winter
231,Relaxed Sweatpants,Tailored fit for modern style,outdoor,camel,festive
232,Classic Dupatta,Soft knitted texture,streetwear,cream,winter
233,Relaxed Romper,Casual yet stylish everyday outfit,chic,grey,winter
234,Vintage Saree,Embellished details for festive wear,athleisure,grey,all
235,Oversized Cargo Pants,Relaxed silhouette for day-to-day comfort,bohemian,champagne,summer
236,Printed Peplum Top,Casual yet stylish everyday outfit,chic,maroon,night
237,Stylish Scarf,Perfect for layering in cool weather,grunge,cream,night
238,Soft Chinos,Trendy pick for urban looks,chic,green,night
239,Stylish Saree,Trendy pick for urban looks,formal,pink,winter
240,Printed Peplum Top,Designed for all-day wear,outdoor,olive,all
241,Vintage Overcoat,Embellished details for festive wear,smart casual,grey,autumn
242,Relaxed Palazzo Pants,Perfect for layering in cool weather,formal,pastel,all
243,Slim Party Top,Lightweight and comfortable,minimalist,blue,autumn
244,Oversized Trousers,Warm and cozy for cold weather,smart casual,grey,autumn
245,Vintage Blazer,Trendy pick for urban looks,evening,pink,festive
246,Classic Cardigan,Warm and cozy for cold weather,minimalist,green,summer
247,Relaxed Kurti,Flowy and breathable material,athleisure,maroon,night
248,Classic Party Top,Flowy and breathable material,formal,maroon,autumn
249,Classic Leather Jacket,Tailored fit for modern style,formal,champagne,spring
250,Printed Pencil Skirt,Embellished details for festive wear,bohemian,pink,all
251,Printed Kimono,Lightweight and comfortable,evening,pastel,spring
252,Relaxed Jeans,Perfect for layering in cool weather,chic,grey,autumn
253,Modern Peplum Top,Flowy and breathable material,smart casual,champagne,autumn
254,Stylish Pencil Skirt,Flowy and breathable material,evening,white,festive
255,Vintage Blazer Dress,Flowy and breathable material,athleisure,pink,summer
256,Printed Saree,Perfect for layering in cool weather,casual,pink,autumn
257,Relaxed Skirt,Casual yet stylish everyday outfit,athleisure,white,autumn
258,Vintage Midi Skirt,Warm and cozy for cold weather,athleisure,silver,all
259,Printed Dupatta,Embellished details for festive wear,chic,red,festive
260,Modern Co-ord Set,Designed for all-day wear,vintage,olive,autumn
261,Relaxed Yoga Leggings,Warm and cozy for cold weather,smart casual,camel,festive
262,Stylish Bomber Jacket,Trendy pick for urban looks,casual,beige,autumn
263,Printed Cardigan,Warm and cozy for cold weather,chic,champagne,autumn
264,Printed Blouse,Casual yet stylish everyday outfit,grunge,khaki,summer
265,Modern Trousers,Flowy and breathable material,formal,gold,festive
266,Stylish Chinos,Tailored fit for modern style,grunge,white,festive
267,Printed Leather Jacket,Trendy pick for urban looks,streetwear,cream,summer
268,Oversized Cargo Pants,Tailored fit for modern style,preppy,green,festive
269,Oversized Shorts,Trendy pick for urban looks,preppy,green,winter
270,Relaxed Kimono,Relaxed silhouette for day-to-day comfort,minimalist,gold,autumn
271,Elegant Leather Jacket,Relaxed silhouette for day-to-day comfort,formal,brown,winter
272,Oversized Beanie,Casual yet stylish everyday outfit,outdoor,white,autumn
273,Relaxed Sweatpants,Relaxed silhouette for day-to-day comfort,athleisure,black,all
274,Modern Cargo Pants,Tailored fit for modern style,chic,silver,night
275,Vintage Sweatpants,Flowy and breathable material,casual,maroon,spring
276,Oversized Kurti,Designed for all-day wear,minimalist,maroon,autumn
277,Soft Kurti,Lightweight and comfortable,outdoor,pink,autumn
278,Vintage Dress,Trendy pick for urban looks,vintage,camel,autumn
279,Vintage Overalls,Flowy and breathable material,athleisure,white,summer
280,Slim Chinos,Perfect for layering in cool weather,bohemian,silver,winter
281,Oversized Kurti,Soft knitted texture,chic,maroon,summer
282,Vintage Yoga Leggings,Warm and cozy for cold weather,formal,pink,spring
283,Soft Overcoat,Designed for all-day wear,formal,olive,summer
284,Elegant Crop Hoodie,Designed for all-day wear,grunge,grey,winter
285,Stylish Blazer Dress,Flowy and breathable material,minimalist,blue,festive
286,Classic Cardigan,Designed for all-day wear,vintage,maroon,festive
287,Stylish Chinos,Relaxed silhouette for day-to-day comfort,outdoor,blue,night
288,Stylish Dupatta,Lightweight and comfortable,ethnic,black,spring
289,Oversized Kimono,Flowy and breathable material,smart casual,cream,night
290,Vintage Kurta,Casual yet stylish everyday outfit,minimalist,pastel,night
291,Classic Cardigan,Perfect for layering in cool weather,formal,multicolor,all
292,Printed Sweatshirt,Lightweight and comfortable,outdoor,beige,festive
293,Slim Overalls,Flowy and breathable material,preppy,silver,summer
294,Classic Overalls,Relaxed silhouette for day-to-day comfort,preppy,champagne,festive
295,Classic Shorts,Tailored fit for modern style,grunge,red,festive
296,Classic Crop Hoodie,Embellished details for festive wear,evening,cream,summer
297,Elegant Sweatshirt,Lightweight and comfortable,ethnic,red,night
298,Soft Romper,Lightweight and comfortable,streetwear,black,festive
299,Stylish Kurti,Flowy and breathable material,streetwear,olive,festive
300,Stylish Slip Dress,Designed for all-day wear,minimalist,multicolor,autumn
301,Classic Blazer,Designed for all-day wear,smart casual,camel,night
302,Slim Trousers,Relaxed silhouette for day-to-day comfort,outdoor,black,all
303,Modern Party Top,Designed for all-day wear,streetwear,champagne,winter
304,Slim Skirt,Designed for all-day wear,streetwear,brown,spring
305,Oversized Blazer,Tailored fit for modern style,grunge,blue,festive
306,Vintage Cape,Trendy pick for urban looks,vintage,black,autumn
307,Stylish Shirt,Warm and cozy for cold weather,party,silver,night
308,Classic Beanie,Trendy pick for urban looks,smart casual,pastel,all
309,Classic Trench Coat,Relaxed silhouette for day-to-day comfort,party,camel,autumn
310,Stylish Tunic Top,Relaxed silhouette for day-to-day comfort,bohemian,camel,night
311,Vintage Overalls,Casual yet stylish everyday outfit,preppy,gold,night
312,Modern Sweatshirt,Flowy and breathable material,preppy,white,night
313,Stylish Crop Hoodie,Lightweight and comfortable,preppy,gold,summer
314,Classic Bomber Jacket,Designed for all-day wear,bohemian,silver,winter
315,Slim Jeans,Lightweight and comfortable,grunge,beige,autumn
316,Oversized Kurti,Warm and cozy for cold weather,streetwear,cream,autumn
317,Oversized Bomber Jacket,Embellished details for festive wear,athleisure,grey,all
318,Slim Blazer,Relaxed silhouette for day-to-day comfort,grunge,pastel,night
319,Modern Skirt,Lightweight and comfortable,minimalist,navy,summer
320,Printed Leather Jacket,Perfect for layering in cool weather,ethnic,grey,summer
321,Modern Shirt,Tailored fit for modern style,bohemian,navy,night
322,Relaxed Sweatpants,Perfect for layering in cool weather,athleisure,maroon,all
323,Modern Chinos,Flowy and breathable material,bohemian,white,spring
324,Soft Crop Hoodie,Casual yet stylish everyday outfit,formal,camel,winter
325,Modern Blazer Dress,Trendy pick for urban looks,casual,blue,night
326,Slim Trench Coat,Tailored fit for modern style,chic,white,all
327,Printed Blazer,Embellished details for festive wear,casual,camel,festive
328,Printed Trench Coat,Perfect for layering in cool weather,streetwear,white,spring
329,Vintage Puffer Jacket,Trendy pick for urban looks,preppy,yellow,autumn
330,Vintage Blouse,Soft knitted texture,party,champagne,autumn
331,Slim Denim Jacket,Casual yet stylish everyday outfit,outdoor,khaki,summer
332,Soft Chinos,Perfect for layering in cool weather,minimalist,green,summer
333,Modern Kurta,Designed for all-day wear,preppy,brown,all
334,Modern Crop Hoodie,Casual yet stylish everyday outfit,minimalist,camel,all
335,Soft Peplum Top,Embellished details for festive wear,streetwear,brown,autumn
336,Stylish Beanie,Relaxed silhouette for day-to-day comfort,bohemian,pastel,winter
337,Printed Midi Skirt,Lightweight and comfortable,casual,beige,autumn
338,Soft Party Top,Lightweight and comfortable,formal,pastel,summer
339,Relaxed Saree,Relaxed silhouette for day-to-day comfort,smart casual,multicolor,summer
340,Stylish Leather Jacket,Perfect for layering in cool weather,evening,gold,spring
341,Soft Tunic Top,Relaxed silhouette for day-to-day comfort,preppy,beige,summer
342,Soft Tunic,Warm and cozy for cold weather,smart casual,navy,winter
343,Relaxed Blazer Dress,Designed for all-day wear,ethnic,pastel,winter
344,Elegant Dress,Tailored fit for modern style,party,pastel,autumn
345,Printed Maxi Dress,Perfect for layering in cool weather,vintage,pastel,summer
346,Elegant Chinos,Perfect for layering in cool weather,preppy,green,winter
347,Classic Sweater,Embellished details for festive wear,outdoor,black,all
348,Modern Bomber Jacket,Trendy pick for urban looks,outdoor,blue,autumn
349,Soft Scarf,Flowy and breathable material,outdoor,camel,festive
350,Classic Scarf,Embellished details for festive wear,streetwear,white,festive
351,Printed Overcoat,Flowy and breathable material,smart casual,white,festive
352,Classic Cape,Warm and cozy for cold weather,preppy,beige,spring
353,Modern Peplum Top,Trendy pick for urban looks,streetwear,camel,festive
354,Vintage Turtleneck,Designed for all-day wear,grunge,yellow,spring
355,Printed Party Top,Casual yet stylish everyday outfit,evening,blue,autumn
356,Soft Party Top,Designed for all-day wear,outdoor,olive,festive
357,Relaxed Poncho,Designed for all-day wear,chic,champagne,spring
358,Printed Tunic,Warm and cozy for cold weather,casual,multicolor,spring
359,Printed Sweatshirt,Relaxed silhouette for day-to-day comfort,streetwear,silver,spring
360,Elegant Co-ord Set,Embellished details for festive wear,grunge,white,night
361,Relaxed Denim Jacket,Designed for all-day wear,minimalist,green,festive
362,Oversized Kurta,Tailored fit for modern style,preppy,yellow,winter
363,Relaxed Jeans,Designed for all-day wear,preppy,maroon,all
364,Relaxed Kimono,Flowy and breathable material,grunge,olive,festive
365,Soft Blazer Dress,Flowy and breathable material,chic,silver,winter
366,Relaxed Overalls,Designed for all-day wear,smart casual,yellow,winter
367,Slim Cape,Flowy and breathable material,streetwear,silver,festive
368,Soft Trousers,Perfect for layering in cool weather,ethnic,camel,winter
369,Soft Skirt,Flowy and breathable material,streetwear,white,summer
370,Relaxed Palazzo Pants,Embellished details for festive wear,casual,khaki,spring
371,Oversized Puffer Jacket,Relaxed silhouette for day-to-day comfort,outdoor,camel,festive
372,Printed Slip Dress,Flowy and breathable material,streetwear,red,festive
373,Slim Romper,Relaxed silhouette for day-to-day comfort,preppy,brown,all
374,Printed Blazer,Flowy and breathable material,formal,multicolor,summer
375,Soft Puffer Jacket,Soft knitted texture,grunge,black,all
376,Oversized Hoodie,Trendy pick for urban looks,casual,navy,festive
377,Vintage Overalls,Flowy and breathable material,party,khaki,summer
378,Modern Bomber Jacket,Soft knitted texture,grunge,yellow,night
379,Stylish Jeans,Trendy pick for urban looks,formal,multicolor,night
380,Vintage Turtleneck,Tailored fit for modern style,outdoor,black,summer
381,Stylish Saree,Tailored fit for modern style,minimalist,brown,summer
382,Modern Cargo Pants,Flowy and breathable material,casual,grey,festive
383,Soft Dupatta,Perfect for layering in cool weather,minimalist,black,spring
384,Relaxed Puffer Jacket,Lightweight and comfortable,evening,cream,festive
385,Soft Cargo Pants,Designed for all-day wear,smart casual,khaki,summer
386,Soft Kurta,Embellished details for festive wear,evening,olive,all
387,Classic Dungarees,Lightweight and comfortable,streetwear,grey,night
388,Classic Party Top,Designed for all-day wear,athleisure,beige,night
389,Slim Hoodie,Trendy pick for urban looks,vintage,khaki,autumn
390,Printed Kurta,Designed for all-day wear,minimalist,white,summer
391,Stylish Denim Jacket,Trendy pick for urban looks,minimalist,pastel,autumn
392,Printed Midi Skirt,Soft knitted texture,outdoor,camel,night
393,Stylish Cargo Pants,Warm and cozy for cold weather,ethnic,champagne,winter
394,Elegant Midi Skirt,Flowy and breathable material,streetwear,yellow,autumn
395,Vintage Cargo Pants,Perfect for layering in cool weather,bohemian,beige,spring
396,Vintage Blazer,Flowy and breathable material,party,beige,winter
397,Classic Dupatta,Warm and cozy for cold weather,party,cream,spring
398,Soft Dungarees,Relaxed silhouette for day-to-day comfort,casual,blue,festive
399,Oversized Shorts,Tailored fit for modern style,ethnic,olive,autumn
400,Stylish Slip Dress,Casual yet stylish everyday outfit,outdoor,red,night
401,Elegant Chinos,Embellished details for festive wear,grunge,khaki,festive
402,Slim Poncho,Embellished details for festive wear,casual,red,summer
403,Slim Slip Dress,Soft knitted texture,minimalist,white,summer
404,Slim Tunic,Flowy and breathable material,grunge,silver,festive
405,Vintage Party Top,Embellished details for festive wear,preppy,champagne,night
406,Soft Sweatshirt,Perfect for layering in cool weather,casual,navy,spring
407,Elegant Poncho,Perfect for layering in cool weather,bohemian,camel,summer
408,Classic Beanie,Relaxed silhouette for day-to-day comfort,formal,champagne,festive
409,Soft Party Top,Relaxed silhouette for day-to-day comfort,party,yellow,festive
410,Elegant Poncho,Lightweight and comfortable,ethnic,silver,winter
411,Stylish Dungarees,Designed for all-day wear,ethnic,green,winter
412,Classic Romper,Trendy pick for urban looks,preppy,navy,spring
413,Printed Leather Jacket,Trendy pick for urban looks,casual,olive,night
414,Soft Poncho,Soft knitted texture,evening,pink,winter
415,Classic Leather Jacket,Lightweight and comfortable,streetwear,blue,night
416,Printed Skirt,Casual yet stylish everyday outfit,ethnic,yellow,winter
417,Elegant Turtleneck,Designed for all-day wear,formal,pink,festive
418,Relaxed Saree,Embellished details for festive wear,outdoor,black,summer
419,Classic Sweatshirt,Warm and cozy for cold weather,chic,beige,autumn
420,Vintage Overalls,Tailored fit for modern style,grunge,yellow,autumn
421,Slim Jumpsuit,Tailored fit for modern style,vintage,champagne,festive
422,Relaxed Jumpsuit,Casual yet stylish everyday outfit,party,pink,all
423,Printed Romper,Casual yet stylish everyday outfit,chic,pastel,all
424,Relaxed Party Top,Relaxed silhouette for day-to-day comfort,evening,khaki,summer
425,Classic Cardigan,Flowy and breathable material,evening,champagne,summer
426,Elegant Blouse,Relaxed silhouette for day-to-day comfort,bohemian,multicolor,summer
427,Printed Slip Dress,Flowy and breathable material,casual,yellow,autumn
428,Soft Blazer Dress,Relaxed silhouette for day-to-day comfort,evening,champagne,festive
429,Elegant Sweatshirt,Trendy pick for urban looks,athleisure,beige,all
430,Slim Kurta,Casual yet stylish everyday outfit,evening,blue,summer
431,Relaxed Kurta,Lightweight and comfortable,party,brown,autumn
432,Classic Blazer,Designed for all-day wear,bohemian,pastel,festive
433,Slim Sweater,Lightweight and comfortable,outdoor,multicolor,all
434,Relaxed Slip Dress,Warm and cozy for cold weather,athleisure,white,autumn
435,Soft Puffer Jacket,Lightweight and comfortable,evening,camel,autumn
436,Relaxed Shirt,Tailored fit for modern style,preppy,beige,night
437,Soft Beanie,Warm and cozy for cold weather,chic,pink,all
438,Oversized Yoga Leggings,Trendy pick for urban looks,smart casual,black,autumn
439,Modern Cargo Pants,Lightweight and comfortable,party,maroon,spring
440,Classic Kurti,Perfect for layering in cool weather,outdoor,yellow,spring
441,Modern Saree,Designed for all-day wear,chic,pink,festive
442,Vintage Trousers,Embellished details for festive wear,vintage,grey,all
443,Elegant Maxi Dress,Warm and cozy for cold weather,streetwear,yellow,autumn
444,Vintage Poncho,Relaxed silhouette for day-to-day comfort,streetwear,yellow,night
445,Stylish Dungarees,Trendy pick for urban looks,vintage,grey,summer
446,Slim Saree,Designed for all-day wear,party,pink,autumn
447,Modern Sweatpants,Flowy and breathable material,vintage,beige,festive
448,Modern Palazzo Pants,Warm and cozy for cold weather,preppy,green,night
449,Oversized Dupatta,Tailored fit for modern style,streetwear,green,night
450,Stylish Jeans,Lightweight and comfortable,preppy,silver,spring
451,Modern Turtleneck,Perfect for layering in cool weather,ethnic,khaki,all
452,Oversized Cargo Pants,Flowy and breathable material,streetwear,green,summer
453,Printed Party Top,Warm and cozy for cold weather,evening,multicolor,night
454,Oversized Sweater,Designed for all-day wear,ethnic,camel,winter
455,Printed Peplum Top,Tailored fit for modern style,outdoor,multicolor,winter
456,Oversized Shirt,Tailored fit for modern style,ethnic,beige,festive
457,Relaxed Beanie,Relaxed silhouette for day-to-day comfort,formal,pastel,festive
458,Slim Overalls,Tailored fit for modern style,outdoor,beige,autumn
459,Oversized Peplum Top,Trendy pick for urban looks,streetwear,red,autumn
460,Classic Cargo Pants,Tailored fit for modern style,athleisure,gold,all
461,Relaxed Jumpsuit,Lightweight and comfortable,formal,camel,all
462,Stylish Romper,Warm and cozy for cold weather,minimalist,beige,summer
463,Classic Cardigan,Embellished details for festive wear,bohemian,pink,autumn
464,Elegant Yoga Leggings,Tailored fit for modern style,party,khaki,autumn
465,Printed Palazzo Pants,Casual yet stylish everyday outfit,outdoor,blue,winter
466,Slim Beanie,Warm and cozy for cold weather,streetwear,camel,summer
467,Elegant Beanie,Trendy pick for urban looks,streetwear,brown,summer
468,Relaxed Tunic Top,Trendy pick for urban looks,formal,black,autumn
469,Stylish Trousers,Perfect for layering in cool weather,party,green,night
470,Modern Cargo Pants,Designed for all-day wear,preppy,black,summer
471,Elegant Puffer Jacket,Casual yet stylish everyday outfit,streetwear,multicolor,summer
472,Printed Party Top,Casual yet stylish everyday outfit,ethnic,grey,autumn
473,Soft Kimono,Perfect for layering in cool weather,evening,black,all
474,Printed Cargo Pants,Lightweight and comfortable,minimalist,green,festive
475,Modern Scarf,Casual yet stylish everyday outfit,streetwear,camel,night
476,Vintage Hoodie,Relaxed silhouette for day-to-day comfort,athleisure,green,summer
477,Classic Turtleneck,Flowy and breathable material,ethnic,grey,autumn
478,Classic Co-ord Set,Designed for all-day wear,casual,yellow,summer
479,Relaxed Cargo Pants,Designed for all-day wear,vintage,gold,spring
480,Modern Leather Jacket,Relaxed silhouette for day-to-day comfort,ethnic,khaki,autumn
481,Printed Sweatshirt,Lightweight and comfortable,bohemian,grey,festive
482,Elegant Overalls,Relaxed silhouette for day-to-day comfort,vintage,cream,night
483,Slim Blazer,Perfect for layering in cool weather,minimalist,gold,all
484,Relaxed Hoodie,Tailored fit for modern style,grunge,pink,all
485,Modern Shirt,Flowy and breathable material,chic,white,autumn
486,Modern Kurti,Trendy pick for urban looks,formal,maroon,autumn
487,Slim Turtleneck,Designed for all-day wear,chic,blue,autumn
488,Stylish Peplum Top,Lightweight and comfortable,party,camel,winter
489,Modern Jumpsuit,Embellished details for festive wear,chic,khaki,winter
490,Oversized Maxi Dress,Relaxed silhouette for day-to-day comfort,chic,green,all
491,Vintage Overalls,Flowy and breathable material,ethnic,multicolor,summer
492,Modern Overcoat,Warm and cozy for cold weather,outdoor,olive,winter
493,Elegant Overcoat,Casual yet stylish everyday outfit,evening,pink,autumn
494,Stylish Bomber Jacket,Warm and cozy for cold weather,preppy,champagne,autumn
495,Oversized Sweatpants,Lightweight and comfortable,vintage,blue,spring
496,Elegant Flannel Shirt,Trendy pick for urban looks,vintage,camel,all
497,Classic Tunic Top,Casual yet stylish everyday outfit,chic,champagne,winter
498,Elegant Dupatta,Lightweight and comfortable,bohemian,green,festive
499,Printed Poncho,Perfect for layering in cool weather,bohemian,khaki,spring
500,Classic Maxi Dress,Lightweight and comfortable,evening,gold,winter
